Alias or name used,Line start,Line end,Filename,Nested Operators,Pipe is nested to,Initializing Pipeline
Pipe,50,55,set_element_src.test.ts,"[""map""]",,
Pipe as argument,38,38,when_loaded_metadata.test.ts,"[""tap"",""mapTo""]",Nested in object or function,observableTimer
Pipe as argument,63,63,when_loaded_metadata.test.ts,"[""tap"",""mapTo""]",Nested in object or function,Random function
Pipe as argument,75,75,when_loaded_metadata.test.ts,"[""finalize""]",Nested in object or function,Random function
Pipe as argument,38,38,when_media_source_open.test.ts,"[""tap"",""mapTo""]",Nested in object or function,observableTimer
Pipe as argument,63,63,when_media_source_open.test.ts,"[""tap"",""mapTo""]",Nested in object or function,Random function
Pipe as argument,75,75,when_media_source_open.test.ts,"[""finalize""]",Nested in object or function,Random function
Pipe as argument,260,260,custom_media_keys.ts,"[""takeUntil""]",Nested in object or function,Random function
Pipe as argument,486,486,custom_media_keys.ts,"[""takeUntil""]",Nested in object or function,Random function
Pipe as argument,175,175,event_listeners.ts,"[""map"",""startWith"",""distinctUntilChanged""]",Nested in object or function,Random function
Pipe as argument,197,197,event_listeners.ts,"[""switchMap""]",Nested in object or function,Random function
Pipe as argument,200,200,event_listeners.ts,"[""delay""]",Nested in object or function,observableOf
Pipe as argument,245,245,event_listeners.ts,"[""map"",""startWith""]",Nested in object or function,Random function
Pipe as argument,260,260,event_listeners.ts,"[""map""]",Nested in object or function,Random function
Pipe as argument,263,263,event_listeners.ts,"[""mapTo""]",Nested in object or function,Random function
Pipe as argument,264,264,event_listeners.ts,"[""startWith""]",Nested in object or function,Random function
Pipe as argument,277,277,event_listeners.ts,"[""switchMap"",""distinctUntilChanged""]",Nested in object or function,Random function
Pipe as argument,283,283,event_listeners.ts,"[""delay""]",Nested in object or function,observableOf
Pipe as argument,301,301,event_listeners.ts,"[""startWith""]",Nested in object or function,Random function
Pipe as argument,302,302,event_listeners.ts,"[""throttleTime"",""startWith""]",Nested in object or function,Random function
Pipe as argument,303,303,event_listeners.ts,"[""switchMap"",""distinctUntilChanged""]",Nested in object or function,Random function
Pipe as argument,312,312,event_listeners.ts,"[""startWith"",""map""]",Nested in object or function,Random function
Pipe as argument,42,42,safely_request_pip.ts,"[""catchError""]",Nested in object or function,Random function
Pipe as argument,38,38,when_loaded_metadata.ts,"[""take""]",Nested in object or function,Random function
Pipe as argument,37,37,when_media_source_open.ts,"[""take""]",Nested in object or function,Random function
Pipe as argument,47,47,buffer_based_chooser.ts,"[""map""]",Nested in object or function,Random function
Pipe as argument,43,43,create_filters.ts,"[""map""]",Nested in object or function,Random function
Pipe as argument,46,46,create_filters.ts,"[""map""]",Nested in object or function,Random function
Pipe as argument,49,49,create_filters.ts,"[""map""]",Nested in object or function,Random function
Pipe as argument,56,56,create_filters.ts,"[""map""]",Nested in object or function,Random function
Pipe,218,218,representation_estimator.ts,"[""filter"",""tap"",""ignoreElements""]",,Random function
Pipe,234,234,representation_estimator.ts,"[""tap"",""ignoreElements""]",,Random function
Pipe,239,239,representation_estimator.ts,"[""filter"",""map"",""startWith""]",,Random function
Pipe,254,254,representation_estimator.ts,"[""switchMap""]",Nested in pipe of lines 239 to 239,Random function
Pipe,276,283,representation_estimator.ts,"[""filter"",""withLatestFrom"",""map""]",,Random function
Pipe,288,288,representation_estimator.ts,"[""startWith""]",,Random function
Pipe,294,294,representation_estimator.ts,"[""withLatestFrom"",""map""]",Nested in pipe of lines 288 to 288,Random function
Pipe as argument,330,330,clock.ts,"[""mapTo""]",Nested in object or function,Random function
Pipe,338,338,clock.ts,"[""mapTo""]",,Random function
Pipe,341,341,clock.ts,"[""map"",""startWith""]",Nested in pipe of lines 338 to 338,Random function
Pipe,349,349,clock.ts,"[""multicast"",""refCount""]",Nested in pipe of lines 338 to 338,Random function
Pipe as argument,533,533,public_api.ts,"[""takeUntil""]",Nested in object or function,Random function
Pipe as argument,538,538,public_api.ts,"[""takeUntil""]",Nested in object or function,Random function
Pipe as argument,545,545,public_api.ts,"[""takeUntil"",""map"",""distinctUntilChanged""]",Nested in object or function,Random function
Pipe,718,718,public_api.ts,"[""take""]",,Random function
Pipe,786,786,public_api.ts,"[""takeUntil""]",,Random function
Pipe,800,800,public_api.ts,"[""takeUntil""]",,Random function
Pipe,808,808,public_api.ts,"[""filter"",""map""]",,Random function
Pipe,814,814,public_api.ts,"[""filter"",""share""]",,Random function
Pipe,822,822,public_api.ts,"[""filter"",""share""]",,Random function
Pipe,834,834,public_api.ts,"[""startWith""]",Nested in pipe of lines 822 to 822,Random function
Pipe,835,835,public_api.ts,"[""startWith""]",Nested in pipe of lines 822 to 822,Random function
Pipe,836,836,public_api.ts,"[""startWith""]",Nested in pipe of lines 822 to 822,Random function
Pipe,839,841,public_api.ts,"[""takeUntil"",""map""]",,Random function
Pipe,849,849,public_api.ts,"[""take"",""mapTo""]",Nested in pipe of lines 839 to 841,Random function
Pipe,853,853,public_api.ts,"[""takeUntil"",""skipWhile""]",Nested in pipe of lines 839 to 841,Random function
Pipe,860,860,public_api.ts,"[""switchMapTo""]",Nested in pipe of lines 839 to 841,Random function
Pipe,862,862,public_api.ts,"[""take"",""mergeMapTo"",""startWith""]",Nested in pipe of lines 839 to 841,Random function
Pipe,870,870,public_api.ts,"[""distinctUntilChanged""]",,Random function
Pipe,874,874,public_api.ts,"[""take""]",Nested in pipe of lines 870 to 870,Random function
Pipe,882,882,public_api.ts,"[""takeUntil""]",Nested in pipe of lines 870 to 870,Random function
Pipe,886,886,public_api.ts,"[""takeUntil""]",Nested in pipe of lines 870 to 870,Random function
Pipe,890,890,public_api.ts,"[""takeUntil""]",Nested in pipe of lines 870 to 870,Random function
Pipe,901,901,public_api.ts,"[""filter"",""take"",""takeUntil""]",Nested in pipe of lines 870 to 870,Random function
Pipe,1819,1819,public_api.ts,"[""catchError""]",Nested in pipe of lines 870 to 870,Random function
Pipe,1983,1983,public_api.ts,"[""takeUntil""]",Nested in pipe of lines 870 to 870,Random function
Pipe as argument,86,86,active_period_emitter.ts,"[""filter"",""scan"",""map"",""distinctUntilChanged""]",Nested in object or function,Random function
Pipe,149,149,adaptation_buffer.ts,"[""subscribeOn"",""share""]",,Random function
Pipe,162,162,adaptation_buffer.ts,"[""map"",""multicast"",""startWith"",""distinctUntilChanged""]",,Random function
Pipe,168,171,adaptation_buffer.ts,"[""filter"",""distinctUntilChanged"",""map""]",,Random function
Pipe,175,176,adaptation_buffer.ts,"[""distinctUntilChanged""]",,Random function
Pipe,180,205,adaptation_buffer.ts,[],,Random function
Pipe,186,186,adaptation_buffer.ts,"[""take"",""map""]",Nested in pipe of lines 180 to 205,Random function
Pipe,195,195,adaptation_buffer.ts,"[""takeUntil""]",,Random function
Pipe,198,198,adaptation_buffer.ts,"[""tap""]",Nested in pipe of lines 195 to 195,Random function
Pipe,225,225,adaptation_buffer.ts,"[""map"",""ignoreElements""]",,Random function
Pipe,246,246,adaptation_buffer.ts,"[""map""]",,Random function
Pipe,260,260,adaptation_buffer.ts,"[""catchError""]",Nested in pipe of lines 246 to 246,Random function
Pipe as argument,57,57,are_buffers_complete.ts,"[""filter"",""map"",""startWith"",""distinctUntilChanged""]",Nested in object or function,Random function
Pipe as argument,68,68,are_buffers_complete.ts,"[""map"",""distinctUntilChanged""]",Nested in object or function,Random function
Pipe as argument,133,133,buffer_orchestrator.ts,"[""map""]",Nested in object or function,Random function
Pipe as argument,135,135,buffer_orchestrator.ts,"[""map""]",Nested in object or function,Random function
Pipe as argument,137,137,buffer_orchestrator.ts,"[""map""]",Nested in object or function,Random function
Pipe,144,158,buffer_orchestrator.ts,"[""mergeMap""]",,Random function
Pipe,165,165,buffer_orchestrator.ts,"[""subscribeOn"",""share""]",Nested in pipe of lines 144 to 158,Random function
Pipe,171,174,buffer_orchestrator.ts,"[""filter"",""map""]",,Random function
Pipe,179,181,buffer_orchestrator.ts,"[""map""]",,Random function
Pipe,214,214,buffer_orchestrator.ts,"[""tap"",""share""]",Nested in pipe of lines 179 to 181,Random function
Pipe,262,270,buffer_orchestrator.ts,"[""filter"",""tap"",""mergeMap""]",,Random function
Pipe,320,322,buffer_orchestrator.ts,"[""filter""]",,Random function
Pipe,326,328,buffer_orchestrator.ts,"[""exhaustMap""]",,Random function
Pipe,344,344,buffer_orchestrator.ts,"[""take"",""tap"",""share""]",,Random function
Pipe,376,376,buffer_orchestrator.ts,"[""mergeMap"",""share""]",,Random function
Pipe,382,382,buffer_orchestrator.ts,"[""takeUntil""]",,Random function
Pipe,384,386,buffer_orchestrator.ts,"[""tap""]",,Random function
Pipe,391,391,buffer_orchestrator.ts,"[""ignoreElements""]",Nested in pipe of lines 384 to 386,Random function
Pipe as argument,48,48,create_empty_adaptation_buffer.ts,"[""filter"",""map""]",Nested in object or function,Random function
Pipe as argument,116,116,period_buffer.ts,"[""switchMap"",""startWith""]",Nested in object or function,Random function
Pipe as argument,132,132,period_buffer.ts,"[""mapTo""]",Nested in object or function,Random function
Pipe,141,166,period_buffer.ts,"[""take"",""mergeMap""]",,Random function
Pipe,157,157,period_buffer.ts,"[""ignoreElements""]",,Random function
Pipe,186,192,period_buffer.ts,"[""map""]",,Random function
Pipe,200,200,period_buffer.ts,"[""catchError""]",Nested in pipe of lines 186 to 192,Random function
Pipe as argument,49,49,force_garbage_collection.ts,"[""take"",""mergeMap""]",Nested in object or function,Random function
Pipe as argument,64,64,force_garbage_collection.ts,"[""concatAll""]",Nested in object or function,Random function
Pipe as argument,53,53,push_data.ts,"[""catchError""]",Nested in object or function,Random function
Pipe as argument,63,63,push_data.ts,"[""ignoreElements""]",Nested in object or function,Random function
Pipe as argument,65,65,push_data.ts,"[""catchError""]",Nested in object or function,Random function
Pipe as argument,211,211,representation_buffer.ts,"[""take"",""mapTo"",""startWith""]",Nested in object or function,Random function
Pipe as argument,214,214,representation_buffer.ts,"[""startWith""]",Nested in object or function,Random function
Pipe,372,374,representation_buffer.ts,"[""withLatestFrom"",""map"",""mergeMap"",""takeWhile""]",,Random function
Pipe,382,382,representation_buffer.ts,"[""switchMap"",""mergeMap""]",,Random function
Pipe,385,385,representation_buffer.ts,"[""share""]",Nested in pipe of lines 382 to 382,Random function
Pipe,416,434,representation_buffer.ts,"[""mergeMap""]",,Random function
Pipe,430,430,representation_buffer.ts,"[""map""]",Nested in pipe of lines 416 to 434,Random function
Pipe,440,440,representation_buffer.ts,"[""finalize""]",Nested in pipe of lines 416 to 434,Random function
Pipe,481,481,representation_buffer.ts,"[""ignoreElements"",""finalize""]",Nested in pipe of lines 416 to 434,Random function
Pipe,532,532,representation_buffer.ts,"[""map""]",Nested in pipe of lines 416 to 434,Random function
Pipe as argument,49,49,init_media_keys.test.ts,"[""take""]",Nested in object or function,Random function
Pipe as argument,88,88,init_media_keys.test.ts,"[""skip""]",Nested in object or function,Random function
Pipe as argument,60,60,attach_media_keys.ts,"[""mergeMap""]",Nested in object or function,Random function
Pipe as argument,38,38,clear_eme_session.ts,"[""ignoreElements""]",Nested in object or function,Random function
Pipe as argument,44,44,clear_eme_session.ts,"[""ignoreElements""]",Nested in object or function,Random function
Pipe as argument,132,132,create_session.ts,"[""map""]",Nested in object or function,Random function
Pipe as argument,141,141,create_session.ts,"[""mergeMap"",""catchError""]",Nested in object or function,Random function
Pipe as argument,44,44,dispose_media_keys.ts,"[""mergeMapTo""]",Nested in object or function,Random function
Pipe,78,78,eme_manager.ts,"[""shareReplay""]",,Random function
Pipe,80,82,eme_manager.ts,"[""filter""]",,Random function
Pipe,88,91,eme_manager.ts,"[""tap"",""map""]",,Random function
Pipe,133,162,eme_manager.ts,"[""mergeMap"",""mergeMap""]",,Random function
Pipe,110,118,eme_manager.ts,"[""map""]",,Random function
Pipe,158,158,eme_manager.ts,"[""tap"",""catchError"",""ignoreElements""]",,Random function
Pipe as argument,74,74,get_media_keys.ts,"[""mergeMap""]",Nested in object or function,Random function
Pipe as argument,90,90,get_media_keys.ts,"[""catchError"",""map""]",Nested in object or function,Random function
Pipe as argument,111,111,get_session.ts,"[""mergeMap""]",Nested in object or function,Random function
Pipe as argument,123,123,get_session.ts,"[""ignoreElements""]",Nested in object or function,Random function
Pipe as argument,125,125,get_session.ts,"[""map""]",Nested in object or function,Random function
Pipe as argument,45,45,init_media_keys.ts,"[""mergeMap""]",Nested in object or function,Random function
Pipe as argument,50,50,init_media_keys.ts,"[""mapTo""]",Nested in object or function,Random function
Pipe,116,118,session_events_listener.ts,"[""map""]",,Random function
Pipe,123,146,session_events_listener.ts,"[""mergeMap""]",,Random function
Pipe,136,143,session_events_listener.ts,"[""map"",""catchError""]",,Random function
Pipe,149,177,session_events_listener.ts,"[""mergeMap""]",,Random function
Pipe,162,162,session_events_listener.ts,[],Nested in pipe of lines 149 to 177,Random function
Pipe,167,167,session_events_listener.ts,"[""map"",""catchError""]",Nested in pipe of lines 149 to 177,Random function
Pipe,181,208,session_events_listener.ts,"[""concatMap""]",,Random function
Pipe,198,198,session_events_listener.ts,"[""catchError"",""mapTo"",""startWith""]",Nested in pipe of lines 181 to 208,Random function
Pipe,218,218,session_events_listener.ts,"[""takeUntil""]",Nested in pipe of lines 181 to 208,Random function
Pipe as argument,59,59,set_server_certificate.ts,"[""catchError""]",Nested in object or function,Random function
Pipe as argument,81,81,set_server_certificate.ts,"[""ignoreElements"",""catchError""]",Nested in object or function,Random function
Pipe as argument,150,150,open_sessions_store.ts,"[""catchError""]",Nested in object or function,Random function
Pipe as argument,166,166,open_sessions_store.ts,"[""ignoreElements""]",Nested in object or function,Random function
Pipe,60,60,create_buffer_clock.ts,"[""tap"",""ignoreElements""]",,Random function
Pipe,64,64,create_buffer_clock.ts,"[""tap"",""ignoreElements""]",,Random function
Pipe,68,91,create_buffer_clock.ts,"[""map""]",,Random function
Pipe as argument,52,52,create_eme_manager.ts,"[""map""]",Nested in object or function,Random function
Pipe as argument,62,62,create_eme_manager.ts,"[""map""]",Nested in object or function,Random function
Pipe as argument,72,72,create_eme_manager.ts,"[""map""]",Nested in object or function,Random function
Pipe as argument,149,149,create_media_source.ts,"[""mergeMap""]",Nested in object or function,Random function
Pipe as argument,151,151,create_media_source.ts,"[""take"",""mapTo""]",Nested in object or function,Random function
Pipe as argument,84,84,end_of_stream.ts,"[""take""]",Nested in object or function,Random function
Pipe as argument,87,87,end_of_stream.ts,"[""takeLast""]",Nested in object or function,observableRace
Pipe as argument,88,88,end_of_stream.ts,"[""take""]",Nested in object or function,observableRace
Pipe as argument,89,89,end_of_stream.ts,"[""mergeMap""]",Nested in object or function,observableRace
Pipe as argument,102,102,end_of_stream.ts,"[""startWith"",""switchMap""]",Nested in object or function,Random function
Pipe as argument,42,42,get_discontinuities.ts,"[""filter"",""map"",""filter"",""distinctUntilChanged""]",Nested in object or function,Random function
Pipe as argument,40,40,get_stalled_events.ts,"[""share"",""map"",""distinctUntilChanged""]",Nested in object or function,Random function
Pipe,70,70,initial_seek_and_play.ts,"[""filter"",""take"",""mapTo""]",,Random function
Pipe,91,91,initial_seek_and_play.ts,"[""mapTo"",""catchError""]",Nested in pipe of lines 70 to 70,Random function
Pipe,136,136,initial_seek_and_play.ts,"[""take"",""tap"",""shareReplay""]",,Random function
Pipe,154,154,initial_seek_and_play.ts,"[""mergeMap"",""shareReplay""]",,Random function
Pipe,141,141,initial_seek_and_play.ts,"[""tap"",""mergeMap""]",Nested in pipe of lines 154 to 154,Random function
Pipe,162,162,initialize_directfile.ts,"[""mergeMap"",""subscribeOn"",""share""]",,Random function
Pipe,173,173,initialize_directfile.ts,"[""map""]",,Random function
Pipe,178,178,initialize_directfile.ts,"[""map""]",,Random function
Pipe,185,198,initialize_directfile.ts,"[""filter"",""take"",""mergeMapTo"",""mergeMap""]",,Random function
Pipe,200,200,initialize_directfile.ts,"[""ignoreElements""]",,Random function
Pipe as argument,160,160,initialize_media_source.ts,"[""mergeMap"",""share""]",Nested in object or function,Random function
Pipe,183,183,initialize_media_source.ts,"[""subscribeOn"",""share""]",,Random function
Pipe,190,190,initialize_media_source.ts,"[""mergeMap"",""subscribeOn"",""share""]",,Random function
Pipe,199,199,initialize_media_source.ts,"[""filter"",""take""]",Nested in pipe of lines 190 to 190,Random function
Pipe,200,316,initialize_media_source.ts,"[""mergeMap""]",,Random function
Pipe,235,261,initialize_media_source.ts,"[""startWith"",""switchMap""]",,Random function
Pipe,237,243,initialize_media_source.ts,"[""mergeMap""]",,Random function
Pipe,257,257,initialize_media_source.ts,"[""take"",""mergeMap"",""tap"",""ignoreElements""]",Nested in pipe of lines 237 to 243,Random function
Pipe,263,263,initialize_media_source.ts,"[""startWith"",""finalize""]",Nested in pipe of lines 237 to 243,Random function
Pipe,288,300,initialize_media_source.ts,"[""tap""]",,Random function
Pipe,302,302,initialize_media_source.ts,"[""takeUntil""]",,Random function
Pipe,305,312,initialize_media_source.ts,"[""switchMap""]",,Random function
Pipe,306,306,initialize_media_source.ts,"[""mergeMap"",""startWith""]",Nested in pipe of lines 305 to 312,Random function
Pipe,321,321,initialize_media_source.ts,"[""map""]",Nested in pipe of lines 305 to 312,Random function
Pipe,151,151,load_on_media_source.ts,"[""filter""]",,Random function
Pipe,170,190,load_on_media_source.ts,"[""mergeMap""]",,Random function
Pipe,174,174,load_on_media_source.ts,"[""ignoreElements"",""takeUntil""]",Nested in pipe of lines 170 to 190,Random function
Pipe,197,197,load_on_media_source.ts,"[""map""]",,Random function
Pipe,202,202,load_on_media_source.ts,"[""map""]",,Random function
Pipe,209,209,load_on_media_source.ts,"[""tap"",""ignoreElements""]",,Random function
Pipe,213,227,load_on_media_source.ts,"[""mergeMap""]",,Random function
Pipe,234,234,load_on_media_source.ts,"[""finalize""]",Nested in pipe of lines 213 to 227,Random function
Pipe as argument,48,48,refresh_manifest.ts,"[""tap""]",Nested in object or function,Random function
Pipe as argument,35,35,throw_on_media_error.ts,"[""mergeMap""]",Nested in object or function,Random function
Pipe as argument,59,59,update_playback_rate.ts,"[""map"",""startWith"",""distinctUntilChanged""]",Nested in object or function,Random function
Pipe as argument,67,67,update_playback_rate.ts,"[""switchMap""]",Nested in object or function,Random function
Pipe as argument,76,76,update_playback_rate.ts,"[""tap""]",Nested in object or function,Random function
Pipe as argument,undefined,undefined,create_manifest_loader.ts,[],Nested in object or function,
Pipe as argument,122,122,create_manifest_loader.ts,"[""catchError""]",Nested in object or function,Random function
Pipe as argument,140,140,create_manifest_loader.ts,"[""catchError"",""map""]",Nested in object or function,Random function
Pipe as argument,161,161,create_manifest_loader.ts,"[""mergeMap""]",Nested in object or function,Random function
Pipe as argument,163,163,create_manifest_loader.ts,"[""mergeMap""]",Nested in object or function,Random function
Pipe as argument,108,108,create_manifest_pipeline.ts,"[""mergeMap"",""catchError""]",Nested in object or function,Random function
Pipe as argument,128,128,create_manifest_pipeline.ts,"[""tap"",""filter""]",Nested in object or function,Random function
Pipe as argument,157,157,create_manifest_pipeline.ts,"[""catchError"",""map""]",Nested in object or function,Random function
Pipe,185,196,create_segment_loader.ts,"[""catchError"",""map""]",,Random function
Pipe,208,208,create_segment_loader.ts,"[""map"",""catchError""]",Nested in pipe of lines 185 to 196,Random function
Pipe,228,228,create_segment_loader.ts,"[""mergeMap""]",Nested in pipe of lines 185 to 196,Random function
Pipe as argument,148,148,prioritizer.ts,"[""mergeMap""]",Nested in object or function,Random function
Pipe as argument,219,219,prioritizer.ts,"[""finalize""]",Nested in object or function,Random function
Pipe as argument,103,103,segment_fetcher.ts,"[""tap"",""finalize"",""filter"",""mergeMap"",""share""]",Nested in object or function,Random function
Pipe as argument,185,185,segment_fetcher.ts,"[""catchError""]",Nested in object or function,Random function
Pipe as argument,116,116,backoff.ts,"[""map"",""catchError""]",Nested in object or function,Random function
Pipe as argument,142,142,backoff.ts,"[""mergeMap"",""startWith""]",Nested in object or function,observableTimer
Pipe as argument,55,55,garbage_collector.ts,"[""mergeMap""]",Nested in object or function,Random function
Pipe,157,157,garbage_collector.ts,"[""concatAll"",""ignoreElements""]",,Random function
Pipe as argument,235,235,queued_source_buffer.ts,"[""tap"",""takeUntil""]",Nested in object or function,Random function
Pipe as argument,240,240,queued_source_buffer.ts,"[""tap"",""takeUntil""]",Nested in object or function,Random function
Pipe as argument,244,244,queued_source_buffer.ts,"[""tap"",""takeUntil""]",Nested in object or function,Random function
Pipe,65,65,html_text_source_buffer.ts,"[""startWith""]",,Random function
Pipe,67,67,html_text_source_buffer.ts,"[""startWith"",""switchMapTo""]",Nested in pipe of lines 65 to 65,Random function
Pipe,70,70,html_text_source_buffer.ts,"[""mapTo"",""takeUntil""]",Nested in pipe of lines 65 to 65,Random function
Pipe,119,119,html_text_source_buffer.ts,"[""takeUntil""]",Nested in pipe of lines 65 to 65,Random function
Pipe as argument,107,107,DRMInfos.test.ts,"[""map""]",Nested in object or function,observableOf
Pipe as argument,65,65,init_segment_loader.ts,"[""map""]",Nested in object or function,observableCombineLatest
Pipe as argument,52,52,low_latency_segment_loader.ts,"[""scan"",""mergeMap""]",Nested in object or function,Random function
Pipe as argument,50,50,manifest_parser.ts,"[""filter"",""map""]",Nested in object or function,Random function
Pipe as argument,103,103,manifest_parser.ts,"[""mergeMap""]",Nested in object or function,Random function
Pipe as argument,95,95,segment_loader.ts,"[""tap""]",Nested in object or function,Random function
Pipe as argument,48,48,text_loader.ts,"[""tap""]",Nested in object or function,Random function
Pipe as argument,184,184,pipelines.ts,"[""filter"",""map""]",Nested in object or function,Random function
Pipe as argument,191,191,pipelines.ts,"[""mergeMap""]",Nested in object or function,Random function
Pipe as argument,196,196,pipelines.ts,"[""map""]",Nested in object or function,Random function
Pipe as argument,200,200,pipelines.ts,"[""mergeMap""]",Nested in object or function,Random function
Pipe as argument,279,279,pipelines.ts,"[""map""]",Nested in object or function,Random function
Pipe as argument,302,302,pipelines.ts,"[""map""]",Nested in object or function,Random function
Pipe as argument,324,324,pipelines.ts,"[""map""]",Nested in object or function,Random function
Pipe as argument,348,348,pipelines.ts,"[""map""]",Nested in object or function,Random function
Pipe as argument,109,109,pipelines.ts,"[""map""]",Nested in object or function,Random function
Pipe as argument,121,121,pipelines.ts,"[""map""]",Nested in object or function,Random function
Pipe as argument,154,154,pipelines.ts,"[""tap""]",Nested in object or function,Random function
Pipe as argument,230,230,pipelines.ts,"[""tap""]",Nested in object or function,Random function
Pipe,159,159,cast_to_observable.test.ts,"[""share""]",,Random function
Pipe,191,191,cast_to_observable.test.ts,"[""share""]",,Random function
Pipe as argument,38,38,concat_map_latest.test.ts,"[""concatMapLatest""]",Nested in object or function,Random function
Pipe as argument,62,62,concat_map_latest.test.ts,"[""concatMapLatest""]",Nested in object or function,Random function
Pipe,92,92,concat_map_latest.test.ts,"[""concatMap""]",,Random function
Pipe,92,92,concat_map_latest.test.ts,"[""mapTo""]",Nested in pipe of lines 92 to 92,timer
Pipe,94,94,concat_map_latest.test.ts,[],Nested in pipe of lines 92 to 92,Random function
Pipe,125,125,concat_map_latest.test.ts,"[""tap""]",Nested in pipe of lines 92 to 92,Random function
Pipe,129,129,concat_map_latest.test.ts,"[""mapTo""]",Nested in pipe of lines 92 to 92,timer
Pipe,174,174,concat_map_latest.test.ts,"[""concatMapLatest""]",Nested in pipe of lines 92 to 92,Random function
Pipe,191,191,concat_map_latest.test.ts,"[""take""]",,Random function
Pipe,192,192,concat_map_latest.test.ts,[],,Random function
Pipe as argument,586,586,event_emitter.test.ts,"[""take""]",Nested in object or function,
Pipe,623,623,event_emitter.test.ts,"[""take""]",,
Pipe as argument,51,51,concat_map_latest.ts,"[""tap""]",Nested in object or function,Random function
Pipe as argument,61,61,concat_map_latest.ts,"[""mergeMap""]",Nested in object or function,Random function
Pipe as argument,84,84,rx-retry_with_backoff.ts,"[""catchError""]",Nested in object or function,Random function
Pipe as argument,100,100,rx-retry_with_backoff.ts,"[""mergeMap""]",Nested in object or function,observableTimer